"V1","V2","V3","V4","V5","V6","V7","V8"
300,2639,9.98333333333333,2.05,52.5740716245058,51.4583416245058,19,116
301,2639,10.0166666666667,2.05,55.4804311710941,54.2579211710941,19,116
302,2639,10.05,2.05,56.8176581953524,55.4920781953524,19,116
303,2639,10.0833333333333,2.05,57.4646832234992,56.0402832235009,19,116
304,2639,10.1166666666667,2.05,57.8187531748082,56.3003531748082,19,116
305,2639,10.15,2.05,58.1559827473439,56.5489227473456,19,116
306,2639,10.1833333333333,2.05,59.0789546277181,57.389094627719,19,116
307,2639,10.2166666666667,2.05,60.5964396218319,58.8301396218326,19,116
308,2639,10.25,2.05,61.2845618876862,59.4486518876886,19,116
309,2639,10.2833333333333,2.05,59.674277424407,57.7760474244119,19,116
310,2639,10.3166666666667,2.05,56.5012695218527,54.5484195218579,19,116
311,2639,10.35,2.05,53.9127448699955,51.9133748699993,19,116
312,2639,10.3833333333333,2.05,52.5834109820813,50.5459609820841,19,116
313,2639,10.4166666666667,2.05,51.9779791483295,49.9112291483318,19,116
314,2639,10.45,2.05,51.7478679217288,49.6608479217308,19,116
315,2639,10.4833333333333,2.05,51.4688696154134,49.3708596154157,19,116
316,2639,10.5166666666667,2.05,49.8908203087965,47.7912803088008,19,116
317,2639,10.55,2.05,46.1472502058817,44.0557902058878,19,116
318,2639,10.5833333333333,2.05,41.6476707291578,39.5740107291578,19,116
319,2639,10.6166666666667,2.05,38.3048731061221,36.2587431061259,19,116
320,2639,10.65,2.05,36.1060119345911,34.0971719345911,19,116
321,2639,10.6833333333333,2.05,33.9833152530716,32.0214552530716,19,116
322,2639,10.7166666666667,2.05,99999,28.9798466585022,19,116
323,2639,10.75,2.05,99999,24.8699462232133,19,116
324,2639,10.7833333333333,2.05,99999,21.0266121027363,19,116
325,2639,10.8166666666667,2.05,99999,17.9612167121761,19,116
326,2639,10.85,2.05,99999,15.0457369571481,19,116
327,2639,10.8833333333333,2.05,99999,12.4082369904546,19,116
328,2639,10.9166666666667,2.05,99999,11.3532008914785,19,116
329,2639,10.95,2.05,99999,12.7219063532428,19,116
330,2639,10.9833333333333,2.05,99999,13.8387139020591,19,116
331,2639,11.0166666666667,2.05,99999,10.2618249856045,19,116
332,2639,11.05,2.05,99999,1.8802229875114,19,116
333,2639,11.0833333333333,2.05,99999,-6.9028893414279,19,116
334,2639,11.1166666666667,2.05,99999,-13.1738674122729,19,116
335,2639,11.15,2.05,99999,-17.3246710185056,19,116
300,2638,9.98333333333333,2.08333333333333,43.7685107490179,42.5915507490179,19,116
301,2638,10.0166666666667,2.08333333333333,46.1336703318213,44.8579203318213,19,116
302,2638,10.05,2.08333333333333,47.3479763739161,45.9774563739161,19,116
303,2638,10.0833333333333,2.08333333333333,47.8562795127212,46.3955595127229,19,116
304,2638,10.1166666666667,2.08333333333333,47.7716360508378,46.2258160508378,19,116
305,2638,10.15,2.08333333333333,47.375009076891,45.7496890768934,19,116
306,2638,10.1833333333333,2.08333333333333,47.2788170353542,45.5801170353559,19,116
307,2638,10.2166666666667,2.08333333333333,47.6342124976064,45.8687124976079,19,116
308,2638,10.25,2.08333333333333,47.6737249716182,45.8484749716205,19,116
309,2638,10.2833333333333,2.08333333333333,46.5938002737053,44.7162502737088,19,116
310,2638,10.3166666666667,2.08333333333333,44.894788291478,42.9728082914813,19,116
311,2638,10.35,2.08333333333333,43.8621050409652,41.9039050409674,19,116
312,2638,10.3833333333333,2.08333333333333,43.6917316967635,41.7058616967651,19,116
313,2638,10.4166666666667,2.08333333333333,43.8288557663745,41.824165766376,19,116
314,2638,10.45,2.08333333333333,43.9900264997816,41.9755864997831,19,116
315,2638,10.4833333333333,2.08333333333333,44.2967212628847,42.2818312628858,19,116
316,2638,10.5166666666667,2.08333333333333,44.437278101059,42.4313881010606,19,116
317,2638,10.55,2.08333333333333,43.8425848626496,41.8552548626519,19,116
318,2638,10.5833333333333,2.08333333333333,43.3579500911988,41.3988000911988,19,116
319,2638,10.6166666666667,2.08333333333333,44.4340635537913,42.5127235537905,19,116
320,2638,10.65,2.08333333333333,47.0325322206296,45.1586122206296,19,116
321,2638,10.6833333333333,2.08333333333333,50.0306678403637,48.2136678403637,19,116
322,2638,10.7166666666667,2.08333333333333,99999,50.0925301361069,19,116
323,2638,10.75,2.08333333333333,99999,48.6372156418867,19,116
324,2638,10.7833333333333,2.08333333333333,99999,42.7538679314159,19,116
325,2638,10.8166666666667,2.08333333333333,99999,33.3280086899216,19,116
326,2638,10.85,2.08333333333333,99999,22.1381021752432,19,116
327,2638,10.8833333333333,2.08333333333333,99999,10.6821739910656,19,116
328,2638,10.9166666666667,2.08333333333333,99999,0.53976951320093,19,116
329,2638,10.95,2.08333333333333,99999,-6.8508109296615,19,116
330,2638,10.9833333333333,2.08333333333333,99999,-11.6951442118582,19,116
331,2638,11.0166666666667,2.08333333333333,99999,-15.0711909838128,19,116
332,2638,11.05,2.08333333333333,99999,-17.1046487984752,19,116
333,2638,11.0833333333333,2.08333333333333,99999,-16.8671395284031,19,116
334,2638,11.1166666666667,2.08333333333333,99999,-14.0462238379483,19,116
335,2638,11.15,2.08333333333333,99999,-9.572610325025,19,116
300,2637,9.98333333333333,2.11666666666666,34.3143858520164,33.0783158520164,19,116
301,2637,10.0166666666667,2.11666666666666,36.1368575638754,34.8100375638754,19,116
302,2637,10.05,2.11666666666666,37.0162253560997,35.6030053560997,19,116
303,2637,10.0833333333333,2.11666666666666,37.1687476126427,35.6739876126445,19,116
304,2637,10.1166666666667,2.11666666666666,36.5576108980331,34.9866908980331,19,116
305,2637,10.15,2.11666666666666,35.4146635937919,33.7734535937948,19,116
306,2637,10.1833333333333,2.11666666666666,34.3398163210552,32.6346763210576,19,116
307,2637,10.2166666666667,2.11666666666666,33.6332468726006,31.8709868726028,19,116
308,2637,10.25,2.11666666666666,33.0652783097065,31.2531283097087,19,116
309,2637,10.2833333333333,2.11666666666666,32.4037188546672,30.5493288546695,19,116
310,2637,10.3166666666667,2.11666666666666,31.9437907823451,30.0551607823468,19,116
311,2637,10.35,2.11666666666666,32.2325014613678,30.3179714613686,19,116
312,2637,10.3833333333333,2.11666666666666,33.0816474963567,31.1498674963573,19,116
313,2637,10.4166666666667,2.11666666666666,33.9260117464799,31.9858917464806,19,116
314,2637,10.45,2.11666666666666,34.6007225240518,32.6613825240525,19,116
315,2637,10.4833333333333,2.11666666666666,35.6021218966151,33.6728518966151,19,116
316,2637,10.5166666666667,2.11666666666666,37.2828179819398,35.3730579819392,19,116
317,2637,10.55,2.11666666666666,39.4475783847058,37.5668083847047,19,116
318,2637,10.5833333333333,2.11666666666666,42.6495253336171,40.8073153336171,19,116
319,2637,10.6166666666667,2.11666666666666,47.9524175954531,46.158257595448,19,116
320,2637,10.65,2.11666666666666,55.2308415615168,53.4941915615168,19,116
321,2637,10.6833333333333,2.11666666666666,63.4639648272522,61.7941448272522,19,116
322,2637,10.7166666666667,2.11666666666666,99999,69.0489409562136,19,116
323,2637,10.75,2.11666666666666,99999,70.6519922261897,19,116
324,2637,10.7833333333333,2.11666666666666,99999,62.647638956656,19,116
325,2637,10.8166666666667,2.11666666666666,99999,46.4304561612756,19,116
326,2637,10.85,2.11666666666666,99999,26.6434970943455,19,116
327,2637,10.8833333333333,2.11666666666666,99999,6.32902310763343,19,116
328,2637,10.9166666666667,2.11666666666666,99999,-12.8084323224656,19,116
329,2637,10.95,2.11666666666666,99999,-28.8464074157533,19,116
330,2637,10.9833333333333,2.11666666666666,99999,-39.5656104109333,19,116
331,2637,11.0166666666667,2.11666666666666,99999,-42.5826615954313,19,116
332,2637,11.05,2.11666666666666,99999,-38.0408169427865,19,116
333,2637,11.0833333333333,2.11666666666666,99999,-28.6203764376536,19,116
334,2637,11.1166666666667,2.11666666666666,99999,-16.5431907356624,19,116
335,2637,11.15,2.11666666666666,99999,-3.20099412382172,19,116
300,2636,9.98333333333333,2.14999999999999,25.5398868165564,24.2470928092406,19,116
301,2636,10.0166666666667,2.14999999999999,26.7953595647236,25.4196995647236,19,116
302,2636,10.05,2.14999999999999,27.1708549204974,25.7171849204974,19,116
303,2636,10.0833333333333,2.14999999999999,26.8287558256512,25.3022458256533,19,116
304,2636,10.1166666666667,2.14999999999999,25.6358275223495,24.0421275223495,19,116
305,2636,10.15,2.14999999999999,23.7387425572873,22.0839925572907,19,116
306,2636,10.1833333333333,2.14999999999999,21.6789826428992,19.9697726429024,19,116
307,2636,10.2166666666667,2.14999999999999,19.8729603250097,18.1163103250126,19,116
308,2636,10.25,2.14999999999999,18.6272373109537,16.8305873109558,19,116
309,2636,10.2833333333333,2.14999999999999,18.2713611649294,16.4425011649305,19,116
310,2636,10.3166666666667,2.14999999999999,18.9175334658541,17.0646334658543,19,116
311,2636,10.35,2.14999999999999,20.3873158509691,18.5188358509687,19,116
312,2636,10.3833333333333,2.14999999999999,22.0851646462015,20.2098346462012,19,116
313,2636,10.4166666666667,2.14999999999999,23.4606114841721,21.5873914841722,19,116
314,2636,10.45,2.14999999999999,24.4727754437678,22.610835443768,19,116
315,2636,10.4833333333333,2.14999999999999,25.895342652739,24.0539726527382,19,116
316,2636,10.5166666666667,2.14999999999999,28.6293187665543,26.817918766552,19,116
317,2636,10.55,2.14999999999999,32.8737704821973,31.1017904821935,19,116
318,2636,10.5833333333333,2.14999999999999,38.9574464076601,37.2343264076601,19,116
319,2636,10.6166666666667,2.14999999999999,47.4598068698027,45.7949368697943,19,116
320,2636,10.65,2.14999999999999,58.1021743317772,56.5048543317772,19,116
321,2636,10.6833333333333,2.14999999999999,70.0325463815149,68.5119063815149,19,116
322,2636,10.7166666666667,2.14999999999999,99999,79.4624195718017,19,116
323,2636,10.75,2.14999999999999,99999,83.0040022908995,19,116
324,2636,10.7833333333333,2.14999999999999,99999,73.3588530956104,19,116
325,2636,10.8166666666667,2.14999999999999,99999,52.2084310405833,19,116
326,2636,10.85,2.14999999999999,99999,26.0956730268889,19,116
327,2636,10.8833333333333,2.14999999999999,99999,-0.783123300592441,19,116
328,2636,10.9166666666667,2.14999999999999,99999,-26.9435838378151,19,116
329,2636,10.95,2.14999999999999,99999,-50.3025234970045,19,116
330,2636,10.9833333333333,2.14999999999999,99999,-66.1378785384833,19,116
331,2636,11.0166666666667,2.14999999999999,99999,-68.714687658309,19,116
332,2636,11.05,2.14999999999999,99999,-58.1938966923688,19,116
333,2636,11.0833333333333,2.14999999999999,99999,-40.6298836459346,19,116
334,2636,11.1166666666667,2.14999999999999,99999,-20.7924505828714,19,116
335,2636,11.15,2.14999999999999,99999,-0.345941641599101,19,116
300,2635,9.98333333333333,2.18333333333334,17.5100103283747,16.1658212244558,19,116
301,2635,10.0166666666667,2.18333333333334,18.2489058172867,16.8268340994126,19,116
302,2635,10.05,2.18333333333334,18.0774426668101,16.5856426668101,19,116
303,2635,10.0833333333333,2.18333333333334,17.2448457083369,15.6889057083391,19,116
304,2635,10.1166666666667,2.18333333333334,15.5710377208308,13.9568977208308,19,116
305,2635,10.15,2.18333333333334,13.1067173871703,11.4407573871739,19,116
306,2635,10.1833333333333,2.18333333333334,10.3075460683968,8.5965860684005,19,116
307,2635,10.2166666666667,2.18333333333334,7.6508368967517,5.9021168967551,19,116
308,2635,10.25,2.18333333333334,5.8657136142188,4.0868536142208,19,116
309,2635,10.2833333333333,2.18333333333334,5.7019444655449,3.9009144655453,19,116
310,2635,10.3166666666667,2.18333333333334,7.1424638190425,5.3275538190415,19,116
311,2635,10.35,2.18333333333334,9.4632677178616,7.6430577178602,19,116
312,2635,10.3833333333333,2.18333333333334,11.7397816306115,9.9230816306105,19,116
313,2635,10.4166666666667,2.18333333333334,13.4447372924644,11.6405872924639,19,116
314,2635,10.45,2.18333333333334,14.6138218055109,12.8313918055107,19,116
315,2635,10.4833333333333,2.18333333333334,16.1943632290639,14.4429632290625,19,116
316,2635,10.5166666666667,2.18333333333334,19.480117930367,17.7691079303635,19,116
317,2635,10.55,2.18333333333334,24.9470627906573,23.2858127906517,19,116
318,2635,10.5833333333333,2.18333333333334,32.6708183439424,31.0686983439424,19,116
319,2635,10.6166666666667,2.18333333333334,42.7073389305421,41.1735989305321,19,116
320,2635,10.65,2.18333333333334,54.486797023621,53.030577023621,19,116
321,2635,10.6833333333333,2.18333333333334,66.948447411549,65.578677411549,19,116
322,2635,10.7166666666667,2.18333333333334,99999,76.3708945806879,19,116
323,2635,10.75,2.18333333333334,99999,79.4040557951672,19,116
324,2635,10.7833333333333,2.18333333333334,99999,69.2390236254792,19,116
325,2635,10.8166666666667,2.18333333333334,99999,47.3668174906697,19,116
326,2635,10.85,2.18333333333334,99999,19.8752498328935,19,116
327,2635,10.8833333333333,2.18333333333334,99999,-9.14389275931103,19,116
328,2635,10.9166666666667,2.18333333333334,99999,-38.0695554241514,19,116
329,2635,10.95,2.18333333333334,99999,-64.4308868830539,19,116
330,2635,10.9833333333333,2.18333333333334,99999,-82.2120727269531,19,116
331,2635,11.0166666666667,2.18333333333334,99999,-84.2371007431152,19,116
332,2635,11.05,2.18333333333334,99999,-70.6543528994998,19,116
333,2635,11.0833333333333,2.18333333333334,99999,-48.8825664676512,19,116
334,2635,11.1166666666667,2.18333333333334,99999,-24.9137223207321,19,116
335,2635,11.15,2.18333333333334,99999,-0.7680752878797,19,116
300,2634,9.98333333333333,2.21666666666667,9.187343528857,7.7955470423832,19,116
301,2634,10.0166666666667,2.21666666666667,9.594011723708,8.1299444554366,19,116
302,2634,10.05,2.21666666666667,9.1103828382953,7.5828977690436,19,116
303,2634,10.0833333333333,2.21666666666667,8.0242062045104,6.4411662045126,19,116
304,2634,10.1166666666667,2.21666666666667,6.1894980502888,4.5572180502888,19,116
305,2634,10.15,2.21666666666667,3.6100858989288,1.9352058989324,19,116
306,2634,10.1833333333333,2.21666666666667,0.6948524111022,-1.0155875888943,19,116
307,2634,10.2166666666667,2.21666666666667,-2.0609203950459,-3.7994603950427,19,116
308,2634,10.25,2.21666666666667,-3.8538247017133,-5.6126847017116,19,116
309,2634,10.2833333333333,2.21666666666667,-3.893711026271,-5.6647410262711,19,116
310,2634,10.3166666666667,2.21666666666667,-2.2408269689392,-4.0156069689406,19,116
311,2634,10.35,2.21666666666667,0.289774884513598,-1.4800751154883,19,116
312,2634,10.3833333333333,2.21666666666667,2.7430107946254,0.986990794623903,19,116
313,2634,10.4166666666667,2.21666666666667,4.627241458843,2.894131458842,19,116
314,2634,10.45,2.21666666666667,6.0136302176444,4.3126402176437,19,116
315,2634,10.4833333333333,2.21666666666667,7.8410595215131,6.1814695215112,19,116
316,2634,10.5166666666667,2.21666666666667,11.4092934415769,9.8004334415728,19,116
317,2634,10.55,2.21666666666667,17.2129961817862,15.6641861817801,19,116
318,2634,10.5833333333333,2.21666666666667,25.1532386297299,23.6737286297299,19,116
319,2634,10.6166666666667,2.21666666666667,34.9576901318572,33.5566201318474,19,116
320,2634,10.65,2.21666666666667,45.7942273946058,44.4805573946058,19,116
321,2634,10.6833333333333,2.21666666666667,56.2286271206599,55.0110971206599,19,116
322,2634,10.7166666666667,2.21666666666667,63.9105824220189,62.7976524220189,19,116
323,2634,10.75,2.21666666666667,99999,63.6774492096396,19,116
324,2634,10.7833333333333,2.21666666666667,99999,54.1684447423132,19,116
325,2634,10.8166666666667,2.21666666666667,99999,35.2247732135313,19,116
326,2634,10.85,2.21666666666667,99999,10.7889491471408,19,116
327,2634,10.8833333333333,2.21666666666667,99999,-15.9984191280462,19,116
328,2634,10.9166666666667,2.21666666666667,99999,-42.7971148484051,19,116
329,2634,10.95,2.21666666666667,99999,-66.5871723617941,19,116
330,2634,10.9833333333333,2.21666666666667,99999,-82.1007779947478,19,116
331,2634,11.0166666666667,2.21666666666667,99999,-83.3985205377906,19,116
332,2634,11.05,2.21666666666667,99999,-70.5751142507894,19,116
333,2634,11.0833333333333,2.21666666666667,99999,-49.7067270091485,19,116
334,2634,11.1166666666667,2.21666666666667,99999,-25.94748687016,19,116
335,2634,11.15,2.21666666666667,99999,-1.6850434445554,19,116
300,2633,9.98333333333333,2.25,-0.100601159744699,-1.5368015670911,19,116
301,2633,10.0166666666667,2.25,0.251696210054803,-1.2498446365253,19,116
302,2633,10.05,2.25,-0.139103133282102,-1.698036911699,19,116
303,2633,10.0833333333333,2.25,-1.057365646788,-2.6650654843871,19,116
304,2633,10.1166666666667,2.25,-2.6391274369375,-4.2872474369375,19,116
305,2633,10.15,2.25,-4.8359268196676,-6.5174668196647,19,116
306,2633,10.1833333333333,2.25,-7.2293353831749,-8.9370253831722,19,116
307,2633,10.2166666666667,2.25,-9.3489132664208,-11.0751032664185,19,116
308,2633,10.25,2.25,-10.6275843086933,-12.3643043086922,19,116
309,2633,10.2833333333333,2.25,-10.5524486452021,-12.2914186452024,19,116
310,2633,10.3166666666667,2.25,-9.1533796281721,-10.8860296281735,19,116
311,2633,10.35,2.25,-6.9554090212827,-8.6729690212846,19,116
312,2633,10.3833333333333,2.25,-4.6752690608379,-6.3687590608397,19,116
313,2633,10.4166666666667,2.25,-2.7467280938576,-4.407018093859,19,116
314,2633,10.45,2.25,-1.0825931199543,-2.7004531199557,19,116
315,2633,10.4833333333333,2.25,1.1039166674755,-0.462243332527098,19,116
316,2633,10.5166666666667,2.25,4.781015506937,3.2758455069327,19,116
317,2633,10.55,2.25,10.240959553233,8.806029553227,19,116
318,2633,10.5833333333333,2.25,17.3286083280549,15.9730683280549,19,116
319,2633,10.6166666666667,2.25,25.7223921091375,24.455232109129,19,116
320,2633,10.65,2.25,34.559460426313,33.389490426313,19,116
321,2633,10.6833333333333,2.25,42.3406847244459,41.2764447244459,19,116
322,2633,10.7166666666667,2.25,46.9556777917891,46.0053977917891,19,116
323,2633,10.75,2.25,99999,45.0409537363187,19,116
324,2633,10.7833333333333,2.25,99999,36.7920639715314,19,116
325,2633,10.8166666666667,2.25,99999,21.757776457187,19,116
326,2633,10.85,2.25,99999,1.9652772517282,19,116
327,2633,10.8833333333333,2.25,99999,-20.2162347907152,19,116
328,2633,10.9166666666667,2.25,99999,-42.0349896300965,19,116
329,2633,10.95,2.25,99999,-60.3432555662057,19,116
330,2633,10.9833333333333,2.25,99999,-71.4396867039346,19,116
331,2633,11.0166666666667,2.25,99999,-71.8229275351551,19,116
332,2633,11.05,2.25,99999,-61.5402529739828,19,116
333,2633,11.0833333333333,2.25,99999,-44.1159841134005,19,116
334,2633,11.1166666666667,2.25,99999,-23.1028022901763,19,116
335,2633,11.15,2.25,99999,-1.0267114790759,19,116
300,2632,9.98333333333333,2.28333333333333,-9.6640711178736,-11.1373454511969,19,116
301,2632,10.0166666666667,2.28333333333333,-9.1268781879599,-10.6615004181282,19,116
302,2632,10.05,2.28333333333333,-9.123346873339,-10.7091787927997,19,116
303,2632,10.0833333333333,2.28333333333333,-9.5715266089856,-11.1997600459229,19,116
304,2632,10.1166666666667,2.28333333333333,-10.5902534592247,-12.2518161578351,19,116
305,2632,10.15,2.28333333333333,-12.1063722513488,-13.7923422513469,19,116
306,2632,10.1833333333333,2.28333333333333,-13.7074731862013,-15.4102631861996,19,116
307,2632,10.2166666666667,2.28333333333333,-14.9696350313592,-16.681385031358,19,116
308,2632,10.25,2.28333333333333,-15.6073160035072,-17.3198960035068,19,116
309,2632,10.2833333333333,2.28333333333333,-15.4285713177124,-17.1335213177128,19,116
310,2632,10.3166666666667,2.28333333333333,-14.3983173316411,-16.0869773316423,19,116
311,2632,10.35,2.28333333333333,-12.6941025923656,-14.3575925923674,19,116
312,2632,10.3833333333333,2.28333333333333,-10.7687167504688,-12.3979867504706,19,116
313,2632,10.4166666666667,2.28333333333333,-8.9867774160424,-10.572657416044,19,116
314,2632,10.45,2.28333333333333,-7.2517257610319,-8.7849657610338,19,116
315,2632,10.4833333333333,2.28333333333333,-4.9420966213639,-6.4134466213668,19,116
316,2632,10.5166666666667,2.28333333333333,-1.4645739089817,-2.8647739089859,19,116
317,2632,10.55,2.28333333333333,3.2319669776675,1.9120869776622,19,116
318,2632,10.5833333333333,2.28333333333333,9.0123826761523,7.7818626761523,19,116
319,2632,10.6166666666667,2.28333333333333,15.6127308209024,14.4804308208953,19,116
320,2632,10.65,2.28333333333333,22.2250259872715,21.1995859872715,19,116
321,2632,10.6833333333333,2.28333333333333,27.5915641642121,26.6813241642121,19,116
322,2632,10.7166666666667,2.28333333333333,30.1344261133271,29.3473861133271,19,116
323,2632,10.75,2.28333333333333,99999,27.6158576942477,19,116
324,2632,10.7833333333333,2.28333333333333,99999,20.7641646973588,19,116
325,2632,10.8166666666667,2.28333333333333,99999,9.1534911791805,19,116
326,2632,10.85,2.28333333333333,99999,-6.0056358949178,19,116
327,2632,10.8833333333333,2.28333333333333,99999,-22.9103360148572,19,116
328,2632,10.9166666666667,2.28333333333333,99999,-39.1847268284075,19,116
329,2632,10.95,2.28333333333333,99999,-52.1338744912805,19,116
330,2632,10.9833333333333,2.28333333333333,99999,-59.235856814218,19,116
331,2632,11.0166666666667,2.28333333333333,99999,-58.6485368150776,19,116
332,2632,11.05,2.28333333333333,99999,-50.3997374916759,19,116
333,2632,11.0833333333333,2.28333333333333,99999,-36.2780838708777,19,116
334,2632,11.1166666666667,2.28333333333333,99999,-18.6225290353199,19,116
335,2632,11.15,2.28333333333333,99999,0.306379312628806,19,116
300,2631,9.98333333333333,2.31666666666666,-18.502761982143,-19.999547856265,19,116
301,2631,10.0166666666667,2.31666666666666,-17.7070546418634,-19.2656373976276,19,116
302,2631,10.05,2.31666666666666,-17.1896977042995,-18.797693610268,19,116
303,2631,10.0833333333333,2.31666666666666,-17.0416924871482,-18.6858542633012,19,116
304,2631,10.1166666666667,2.31666666666666,-17.3704125013324,-19.0414086012151,19,116
305,2631,10.15,2.31666666666666,-18.1090611540467,-19.7971640640071,19,116
306,2631,10.1833333333333,2.31666666666666,-18.9308051163723,-20.6265851163716,19,116
307,2631,10.2166666666667,2.31666666666666,-19.4892033168303,-21.18450331683,19,116
308,2631,10.25,2.31666666666666,-19.6473637890629,-21.3338737890629,19,116
309,2631,10.2833333333333,2.31666666666666,-19.3826479652183,-21.0517879652189,19,116
310,2631,10.3166666666667,2.31666666666666,-18.6322650543346,-20.2752250543357,19,116
311,2631,10.35,2.31666666666666,-17.3947258620891,-19.0025358620907,19,116
312,2631,10.3833333333333,2.31666666666666,-15.948686678744,-17.5122366787457,19,116
313,2631,10.4166666666667,2.31666666666666,-14.5513714589745,-16.0614514589762,19,116
314,2631,10.45,2.31666666666666,-13.0976815147284,-14.5450315147304,19,116
315,2631,10.4833333333333,2.31666666666666,-11.1065616538254,-12.4819316538283,19,116
316,2631,10.5166666666667,2.31666666666666,-8.2017573398631,-9.495957339867,19,116
317,2631,10.55,2.31666666666666,-4.4547069486235,-5.6586369486281,19,116
318,2631,10.5833333333333,2.31666666666666,-0.0150121663019007,-1.1197421663019,19,116
319,2631,10.6166666666667,2.31666666666666,4.8652935625645,3.8685035625589,19,116
320,2631,10.65,2.31666666666666,9.4612945990581,8.5809045990581,19,116
321,2631,10.6833333333333,2.31666666666666,12.8082417163177,12.0523917163177,19,116
322,2631,10.7166666666667,2.31666666666666,13.8947060069863,13.2711660069863,19,116
323,2631,10.75,2.31666666666666,99999,11.3411713586104,19,116
324,2631,10.7833333333333,2.31666666666666,99999,5.9239206527217,19,116
325,2631,10.8166666666667,2.31666666666666,99999,-2.6733410543155,19,116
326,2631,10.85,2.31666666666666,99999,-13.6099585893845,19,116
327,2631,10.8833333333333,2.31666666666666,99999,-25.6052422017615,19,116
328,2631,10.9166666666667,2.31666666666666,99999,-36.8878518851419,19,116
329,2631,10.95,2.31666666666666,99999,-45.4495507792979,19,116
330,2631,10.9833333333333,2.31666666666666,99999,-49.5676527687723,19,116
331,2631,11.0166666666667,2.31666666666666,99999,-48.121982762228,19,116
332,2631,11.05,2.31666666666666,99999,-41.1069942887641,19,116
333,2631,11.0833333333333,2.31666666666666,99999,-29.5792116728134,19,116
334,2631,11.1166666666667,2.31666666666666,99999,-15.092439881365,19,116
335,2631,11.15,2.31666666666666,99999,0.659363681665994,19,116
300,2630,9.98333333333333,2.34999999999999,-26.804087733515,-28.3150472686434,19,116
301,2630,10.0166666666667,2.34999999999999,-25.6565726233166,-27.2272401462581,19,116
302,2630,10.05,2.34999999999999,-24.5522742550198,-26.1708023434002,19,116
303,2630,10.0833333333333,2.34999999999999,-23.6999416607995,-25.3533806109107,19,116
304,2630,10.1166666666667,2.34999999999999,-23.2704901192342,-24.9459204889097,19,116
305,2630,10.15,2.34999999999999,-23.2190010186364,-24.9050790829924,19,116
306,2630,10.1833333333333,2.34999999999999,-23.3020569419942,-24.9886718514376,19,116
307,2630,10.2166666666667,2.34999999999999,-23.284870868757,-24.9618208687574,19,116
308,2630,10.25,2.34999999999999,-23.0880575439664,-24.746697543967,19,116
309,2630,10.2833333333333,2.34999999999999,-22.7269379465248,-24.3585579465256,19,116
310,2630,10.3166666666667,2.34999999999999,-22.1621277079806,-23.7578177079817,19,116
311,2630,10.35,2.34999999999999,-21.3566396333841,-22.9073196333855,19,116
312,2630,10.3833333333333,2.34999999999999,-20.4641502887753,-21.9606702887768,19,116
313,2630,10.4166666666667,2.34999999999999,-19.6235845321341,-21.0566745321356,19,116
314,2630,10.45,2.34999999999999,-18.7139042475132,-20.074314247515,19,116
315,2630,10.4833333333333,2.34999999999999,-17.349292185159,-18.6277921851615,19,116
316,2630,10.5166666666667,2.34999999999999,-15.2331005373829,-16.4205405373863,19,116
317,2630,10.55,2.34999999999999,-12.4329678444601,-13.5203278444641,19,116
318,2630,10.5833333333333,2.34999999999999,-9.1476409481486,-10.1260809481486,19,116
319,2630,10.6166666666667,2.34999999999999,-5.6987503718047,-6.5596903718092,19,116
320,2630,10.65,2.34999999999999,-2.6983326316616,-3.4334826316616,19,116
321,2630,10.6833333333333,2.34999999999999,-0.828717109369599,-1.4301271093696,19,116
322,2630,10.7166666666667,2.34999999999999,-0.669846384014704,-1.1299763840147,19,116
323,2630,10.75,2.34999999999999,99999,-2.9372986944686,19,116
324,2630,10.7833333333333,2.34999999999999,99999,-6.9211179242973,19,116
325,2630,10.8166666666667,2.34999999999999,99999,-12.8527906231817,19,116
326,2630,10.85,2.34999999999999,99999,-20.2213896522981,19,116
327,2630,10.8833333333333,2.34999999999999,99999,-28.1285880241366,19,116
328,2630,10.9166666666667,2.34999999999999,99999,-35.3028312300338,19,116
329,2630,10.95,2.34999999999999,99999,-40.3633806955392,19,116
330,2630,10.9833333333333,2.34999999999999,99999,-42.1476345084734,19,116
331,2630,11.0166666666667,2.34999999999999,99999,-39.9480211342407,19,116
332,2630,11.05,2.34999999999999,99999,-33.7409382091821,19,116
333,2630,11.0833333333333,2.34999999999999,99999,-24.1627040480272,19,116
334,2630,11.1166666666667,2.34999999999999,99999,-12.2519979547061,19,116
335,2630,11.15,2.34999999999999,99999,0.823186850136196,19,116
300,2629,9.98333333333333,2.38333333333333,-35.0736960345743,-36.5944875533386,19,116
301,2629,10.0166666666667,2.38333333333333,-33.380074586036,-34.9555478428101,19,116
302,2629,10.05,2.38333333333333,-31.5483486517531,-33.1704903561955,19,116
303,2629,10.0833333333333,2.38333333333333,-29.9098876507482,-31.5656368446302,19,116
304,2629,10.1166666666667,2.38333333333333,-28.6626580978048,-30.3364334881498,19,116
305,2629,10.15,2.38333333333333,-27.8138054043636,-29.4925972521137,19,116
306,2629,10.1833333333333,2.38333333333333,-27.1956295391916,-28.8688263416739,19,116
307,2629,10.2166666666667,2.38333333333333,-26.6507438935677,-28.3073198143069,19,116
308,2629,10.25,2.38333333333333,-26.1278558305025,-27.7569358305036,19,116
309,2629,10.2833333333333,2.38333333333333,-25.6206550023354,-27.2132050023365,19,116
310,2629,10.3166666666667,2.38333333333333,-25.1207959194573,-26.6677859194585,19,116
311,2629,10.35,2.38333333333333,-24.6392817554367,-26.131571755438,19,116
312,2629,10.3833333333333,2.38333333333333,-24.2612122857544,-25.6895522857556,19,116
313,2629,10.4166666666667,2.38333333333333,-24.0205934090525,-25.3757234090537,19,116
314,2629,10.45,2.38333333333333,-23.7677160109186,-25.0403660109201,19,116
315,2629,10.4833333333333,2.38333333333333,-23.1560862452711,-24.3370462452732,19,116
316,2629,10.5166666666667,2.38333333333333,-21.8599923457767,-22.9401523457796,19,116
317,2629,10.55,2.38333333333333,-19.8457259584653,-20.816155958469,19,116
318,2629,10.5833333333333,2.38333333333333,-17.3820884732466,-18.2340584732466,19,116
319,2629,10.6166666666667,2.38333333333333,-14.9499542025376,-15.6750242025414,19,116
320,2629,10.65,2.38333333333333,-13.0979255170863,-13.6879655170863,19,116
321,2629,10.6833333333333,2.38333333333333,-12.235980283195,-12.683240283195,19,116
322,2629,10.7166666666667,2.38333333333333,-12.5524767822703,-12.8496467822703,19,116
323,2629,10.75,2.38333333333333,99999,-14.2217510857301,19,116
324,2629,10.7833333333333,2.38333333333333,99999,-16.7552140090861,19,116
325,2629,10.8166666666667,2.38333333333333,99999,-20.3421978934054,19,116
326,2629,10.85,2.38333333333333,99999,-24.7071284371343,19,116
327,2629,10.8833333333333,2.38333333333333,99999,-29.2668386015556,19,116
328,2629,10.9166666666667,2.38333333333333,99999,-33.177888055155,19,116
329,2629,10.95,2.38333333333333,99999,-35.5270991292134,19,116
330,2629,10.9833333333333,2.38333333333333,99999,-35.4871488479865,19,116
331,2629,11.0166666666667,2.38333333333333,99999,-32.5488271023461,19,116
332,2629,11.05,2.38333333333333,99999,-26.7118581796847,19,116
333,2629,11.0833333333333,2.38333333333333,99999,-18.418634501616,19,116
334,2629,11.1166666666667,2.38333333333333,99999,-8.3672652290342,19,116
335,2629,11.15,2.38333333333333,99999,2.6540409523317,19,116
300,2628,9.98333333333333,2.41666666666667,-43.0518195255354,-44.5724170498672,19,116
301,2628,10.0166666666667,2.41666666666667,-40.6150395554987,-42.1928763533677,19,116
302,2628,10.05,2.41666666666667,-37.965256309559,-39.588308999991,19,116
303,2628,10.0833333333333,2.41666666666667,-35.5240626088727,-37.1721869983094,19,116
304,2628,10.1166666666667,2.41666666666667,-33.4796634712778,-35.1410287205658,19,116
305,2628,10.15,2.41666666666667,-31.8553371845079,-33.5194336898986,19,116
306,2628,10.1833333333333,2.41666666666667,-30.5825293030281,-32.2361721112301,19,116
307,2628,10.2166666666667,2.41666666666667,-29.5546449282676,-31.1861482618877,19,116
308,2628,10.25,2.41666666666667,-28.7094278425003,-30.3070721987706,19,116
309,2628,10.2833333333333,2.41666666666667,-28.0095393202809,-29.5616093202824,19,116
310,2628,10.3166666666667,2.41666666666667,-27.4706454691685,-28.96768546917,19,116
311,2628,10.35,2.41666666666667,-27.1786775155355,-28.6114675155368,19,116
312,2628,10.3833333333333,2.41666666666667,-27.201393216783,-28.5606532167841,19,116
313,2628,10.4166666666667,2.41666666666667,-27.5049462956619,-28.7813462956628,19,116
314,2628,10.45,2.41666666666667,-27.9410861283895,-29.1253661283905,19,116
315,2628,10.4833333333333,2.41666666666667,-28.1912621255817,-29.2742521255832,19,116
316,2628,10.5166666666667,2.41666666666667,-27.7293890476124,-28.702029047615,19,116
317,2628,10.55,2.41666666666667,-26.256073871991,-27.1095038719947,19,116
318,2628,10.5833333333333,2.41666666666667,-24.2029228939217,-24.9285328939217,19,116
319,2628,10.6166666666667,2.41666666666667,-22.4002586275795,-22.9897386275829,19,116
320,2628,10.65,2.41666666666667,-21.3792203371685,-21.8246003371685,19,116
321,2628,10.6833333333333,2.41666666666667,-21.2626111054546,-21.5563511054546,19,116
322,2628,10.7166666666667,2.41666666666667,-21.8628021569095,-21.9978121569095,19,116
323,2628,10.75,2.41666666666667,99999,-22.8039804468881,19,116
324,2628,10.7833333333333,2.41666666666667,99999,-23.8716695265902,19,116
325,2628,10.8166666666667,2.41666666666667,99999,-25.3308890447245,19,116
326,2628,10.85,2.41666666666667,99999,-27.1556453759631,19,116
327,2628,10.8833333333333,2.41666666666667,99999,-28.9942373816618,19,116
328,2628,10.9166666666667,2.41666666666667,99999,-30.3205263607974,19,116
329,2628,10.95,2.41666666666667,99999,-30.5658505606434,19,116
330,2628,10.9833333333333,2.41666666666667,99999,-29.0994976139112,19,116
331,2628,11.0166666666667,2.41666666666667,99999,-25.4637831160921,19,116
332,2628,11.05,2.41666666666667,99999,-19.6751944549273,19,116
333,2628,11.0833333333333,2.41666666666667,99999,-12.1584522472865,19,116
334,2628,11.1166666666667,2.41666666666667,99999,-3.4284114353874,19,116
335,2628,11.15,2.41666666666667,99999,6.04130036862699,19,116
300,2627,9.98333333333333,2.45,-49.6106701482967,-51.1027548673843,19,116
301,2627,10.0166666666667,2.45,-46.3101354782725,-47.867257905,19,116
302,2627,10.05,2.45,-42.8926821142621,-44.4998831015315,19,116
303,2627,10.0833333333333,2.45,-39.7597002385493,-41.3828443751422,19,116
304,2627,10.1166666666667,2.45,-37.0550419906054,-38.6879198786392,19,116
305,2627,10.15,2.45,-34.8063036753007,-36.4399909054506,19,116
306,2627,10.1833333333333,2.45,-32.9993236694318,-34.6224188342898,19,116
307,2627,10.2166666666667,2.45,-31.5867758186261,-33.1849773020915,19,116
308,2627,10.25,2.45,-30.4871815782401,-32.0481965081184,19,116
309,2627,10.2833333333333,2.45,-29.6362785127238,-31.1465336171059,19,116
310,2627,10.3166666666667,2.45,-29.0791114315181,-30.5251114315198,19,116
311,2627,10.35,2.45,-28.9237476347838,-30.2961276347852,19,116
312,2627,10.3833333333333,2.45,-29.2401245373468,-30.5295445373478,19,116
313,2627,10.4166666666667,2.45,-30.0109442025843,-31.208074202585,19,116
314,2627,10.45,2.45,-31.1375481230832,-32.2331081230839,19,116
315,2627,10.4833333333333,2.45,-32.2994752964219,-33.2843152964229,19,116
316,2627,10.5166666666667,2.45,-32.6657496469332,-33.5308696469355,19,116
317,2627,10.55,2.45,-31.6046748708694,-32.3413048708732,19,116
318,2627,10.5833333333333,2.45,-29.7448734495738,-30.3445134495738,19,116
319,2627,10.6166666666667,2.45,-28.3822333289228,-28.8366933289259,19,116
320,2627,10.65,2.45,-28.1264317497629,-28.4279317497629,19,116
321,2627,10.6833333333333,2.45,-28.864745362411,-29.005925362411,19,116
322,2627,10.7166666666667,2.45,-29.9795847692826,-29.9535747692826,19,116
323,2627,10.75,2.45,99999,-30.3439186683402,19,116
324,2627,10.7833333333333,2.45,99999,-29.9810948186748,19,116
325,2627,10.8166666666667,2.45,99999,-29.4740735870042,19,116
326,2627,10.85,2.45,99999,-29.2088208282169,19,116
327,2627,10.8833333333333,2.45,99999,-28.9820252106765,19,116
328,2627,10.9166666666667,2.45,99999,-28.42360330294,19,116
329,2627,10.95,2.45,99999,-27.1614013920454,19,116
330,2627,10.9833333333333,2.45,99999,-24.6498085252049,19,116
331,2627,11.0166666666667,2.45,99999,-20.4599203920539,19,116
332,2627,11.05,2.45,99999,-14.6535672241304,19,116
333,2627,11.0833333333333,2.45,99999,-7.6931997175508,19,116
334,2627,11.1166666666667,2.45,99999,-0.0155741346350027,19,116
335,2627,11.15,2.45,99999,8.155306176878,19,116
300,2626,9.98333333333333,2.48333333333333,-53.9022041153976,-55.3603364148197,19,116
301,2626,10.0166666666667,2.48333333333333,-49.9164992883049,-51.4451796188803,19,116
302,2626,10.05,2.48333333333333,-45.991302555593,-47.5526295379479,19,116
303,2626,10.0833333333333,2.48333333333333,-42.4058888899204,-43.9768689488789,19,116
304,2626,10.1166666666667,2.48333333333333,-39.2491696088258,-40.8258877168199,19,116
305,2626,10.15,2.48333333333333,-36.5671727919712,-38.1452465504586,19,116
306,2626,10.1833333333333,2.48333333333333,-34.3783167451882,-35.9509642833239,19,116
307,2626,10.2166666666667,2.48333333333333,-32.663925986632,-34.2223742432381,19,116
308,2626,10.25,2.48333333333333,-31.3566935596611,-32.881487812225,19,116
309,2626,10.2833333333333,2.48333333333333,-30.3633406567125,-31.8301554224222,19,116
310,2626,10.3166666666667,2.48333333333333,-29.7466592680193,-31.1408257755495,19,116
311,2626,10.35,2.48333333333333,-29.6561654025596,-30.9673954025612,19,116
312,2626,10.3833333333333,2.48333333333333,-30.1336855458196,-31.3527355458208,19,116
313,2626,10.4166666666667,2.48333333333333,-31.152418801735,-32.2699288017358,19,116
314,2626,10.45,2.48333333333333,-32.6486530161098,-33.6553630161103,19,116
315,2626,10.4833333333333,2.48333333333333,-34.3156282797061,-35.2023982797068,19,116
316,2626,10.5166666666667,2.48333333333333,-35.1964279320925,-35.9543279320947,19,116
317,2626,10.55,2.48333333333333,-34.4983416891754,-35.1186716891793,19,116
318,2626,10.5833333333333,2.48333333333333,-32.9376561738729,-33.4120161738729,19,116
319,2626,10.6166666666667,2.48333333333333,-32.068805871524,-32.3891558715268,19,116
320,2626,10.65,2.48333333333333,-32.607151993235,-32.765861993235,19,116
321,2626,10.6833333333333,2.48333333333333,-34.3615013412778,-34.3514113412778,19,116
322,2626,10.7166666666667,2.48333333333333,-36.2465813396935,-36.0610413396935,19,116
323,2626,10.75,2.48333333333333,99999,-36.226649807439,19,116
324,2626,10.7833333333333,2.48333333333333,99999,-34.5517660389702,19,116
325,2626,10.8166666666667,2.48333333333333,99999,-32.3106014940801,19,116
326,2626,10.85,2.48333333333333,99999,-30.4560456610932,19,116
327,2626,10.8833333333333,2.48333333333333,99999,-28.8756321112661,19,116
328,2626,10.9166666666667,2.48333333333333,99999,-27.184147640848,19,116
329,2626,10.95,2.48333333333333,99999,-24.999441025437,19,116
330,2626,10.9833333333333,2.48333333333333,99999,-21.7571289302039,19,116
331,2626,11.0166666666667,2.48333333333333,99999,-17.1382695087441,19,116
332,2626,11.05,2.48333333333333,99999,-11.3191043317878,19,116
333,2626,11.0833333333333,2.48333333333333,99999,-4.804485698503,19,116
334,2626,11.1166666666667,2.48333333333333,99999,1.9949799275,19,116
335,2626,11.15,2.48333333333333,99999,9.01596345564199,19,116
300,2625,9.98333333333333,2.51666666666667,-55.56564189456,-56.9997137858436,19,116
301,2625,10.0166666666667,2.51666666666667,-51.5426657466023,-53.0111650564228,19,116
302,2625,10.05,2.51666666666667,-47.5403464960403,-49.0071200862035,19,116
303,2625,10.0833333333333,2.51666666666667,-43.8060745580007,-45.2717835032496,19,116
304,2625,10.1166666666667,2.51666666666667,-40.3972320275648,-41.8818913126663,19,116
305,2625,10.15,2.51666666666667,-37.368282961977,-38.9069189483222,19,116
306,2625,10.1833333333333,2.51666666666667,-34.8653102403625,-36.4305027073949,19,116
307,2625,10.2166666666667,2.51666666666667,-32.9239922022186,-34.4642710346994,19,116
308,2625,10.25,2.51666666666667,-31.4103681767469,-32.903273633226,19,116
309,2625,10.2833333333333,2.51666666666667,-30.1911883236564,-31.6163040845208,19,116
310,2625,10.3166666666667,2.51666666666667,-29.3655877364814,-30.7090102890886,19,116
311,2625,10.35,2.51666666666667,-29.1705593495186,-30.4201585041167,19,116
312,2625,10.3833333333333,2.51666666666667,-29.5937077588152,-30.7420477588168,19,116
313,2625,10.4166666666667,2.51666666666667,-30.4883482278185,-31.5261282278197,19,116
314,2625,10.45,2.51666666666667,-31.7476361563749,-32.665596156376,19,116
315,2625,10.4833333333333,2.51666666666667,-33.1753493971072,-33.9643793971084,19,116
316,2625,10.5166666666667,2.51666666666667,-34.0276841825957,-34.6788941825981,19,116
317,2625,10.55,2.51666666666667,-33.5806358273113,-34.0854258273151,19,116
318,2625,10.5833333333333,2.51666666666667,-32.4680635331836,-32.8181235331836,19,116
319,2625,10.6166666666667,2.51666666666667,-32.1331689498956,-32.3206089498982,19,116
320,2625,10.65,2.51666666666667,-33.2345664959965,-33.2519064959965,19,116
321,2625,10.6833333333333,2.51666666666667,-35.5834538156879,-35.4237238156879,19,116
322,2625,10.7166666666667,2.51666666666667,-37.8501961393993,-37.5069661393993,19,116
323,2625,10.75,2.51666666666667,99999,-37.4326329354598,19,116
324,2625,10.7833333333333,2.51666666666667,99999,-34.909286669121,19,116
325,2625,10.8166666666667,2.51666666666667,99999,-31.6354144950312,19,116
326,2625,10.85,2.51666666666667,99999,-28.9297206057385,19,116
327,2625,10.8833333333333,2.51666666666667,99999,-26.7335700040973,19,116
328,2625,10.9166666666667,2.51666666666667,99999,-24.5653973333445,19,116
329,2625,10.95,2.51666666666667,99999,-21.9165514349952,19,116
330,2625,10.9833333333333,2.51666666666667,99999,-18.1822744361561,19,116
331,2625,11.0166666666667,2.51666666666667,99999,-13.2184616746962,19,116
332,2625,11.05,2.51666666666667,99999,-7.381199376572,19,116
333,2625,11.0833333333333,2.51666666666667,99999,-1.24259128345899,19,116
334,2625,11.1166666666667,2.51666666666667,99999,4.79352638653799,19,116
335,2625,11.15,2.51666666666667,99999,10.796392601886,19,116
300,2624,9.98333333333333,2.55,-54.9593033820246,-56.3818575960356,19,116
301,2624,10.0166666666667,2.55,-51.476657439511,-52.8657816988427,19,116
302,2624,10.05,2.55,-47.7707868632827,-49.1046847021444,19,116
303,2624,10.0833333333333,2.55,-44.1376635493977,-45.4571912558367,19,116
304,2624,10.1166666666667,2.55,-40.5592733293067,-42.0021505586448,19,116
305,2624,10.15,2.55,-37.2043716073233,-38.8296223213816,19,116
306,2624,10.1833333333333,2.55,-34.5009805091572,-36.1258666412374,19,116
307,2624,10.2166666666667,2.55,-32.4127749938403,-33.9462480289351,19,116
308,2624,10.25,2.55,-30.6629247001707,-32.1395744555119,19,116
309,2624,10.2833333333333,2.55,-29.1400544464392,-30.5285640339372,19,116
310,2624,10.3166666666667,2.55,-27.96879911725,-29.2615210779995,19,116
311,2624,10.35,2.55,-27.4687692049918,-28.6574649372295,19,116
312,2624,10.3833333333333,2.55,-27.5820614962502,-28.6596606779151,19,116
313,2624,10.4166666666667,2.55,-28.0253936273629,-28.9835436273649,19,116
314,2624,10.45,2.55,-28.6210334588071,-29.4505734588092,19,116
315,2624,10.4833333333333,2.55,-29.320303855351,-30.0121638553531,19,116
316,2624,10.5166666666667,2.55,-29.7277609509464,-30.2731009509492,19,116
317,2624,10.55,2.55,-29.2834887336513,-29.6737787336552,19,116
318,2624,10.5833333333333,2.55,-28.433211066303,-28.660261066303,19,116
319,2624,10.6166666666667,2.55,-28.3003033622959,-28.3563333622988,19,116
320,2624,10.65,2.55,-29.3216121662501,-29.1993221662501,19,116
321,2624,10.6833333333333,2.55,-31.265560394622,-30.958160394622,19,116
322,2624,10.7166666666667,2.55,-32.9636123266903,-32.4648823266903,19,116
323,2624,10.75,2.55,99999,-31.9461084608552,19,116
324,2624,10.7833333333333,2.55,99999,-29.2927230711266,19,116
325,2624,10.8166666666667,2.55,99999,-26.0797866138487,19,116
326,2624,10.85,2.55,99999,-23.4183106907427,19,116
327,2624,10.8833333333333,2.55,99999,-21.2199957191661,19,116
328,2624,10.9166666666667,2.55,99999,-19.0121562591917,19,116
329,2624,10.95,2.55,99999,-16.2559316864806,19,116
330,2624,10.9833333333333,2.55,99999,-12.3624259048742,19,116
331,2624,11.0166666666667,2.55,99999,-7.315300125287,19,116
332,2624,11.05,2.55,99999,-1.614128872037,19,116
333,2624,11.0833333333333,2.55,99999,4.091991409694,19,116
334,2624,11.1166666666667,2.55,99999,9.40015922412201,19,116
335,2624,11.15,2.55,99999,14.492356965237,19,116
300,2623,9.98333333333333,2.58333333333333,-53.0529557042294,-54.2280103018031,19,116
301,2623,10.0166666666667,2.58333333333333,-50.000415012692,-51.2409122260269,19,116
302,2623,10.05,2.58333333333333,-46.2667163261431,-47.8297777021637,19,116
303,2623,10.0833333333333,2.58333333333333,-42.6359610242268,-44.4090012296426,19,116
304,2623,10.1166666666667,2.58333333333333,-39.2480388218436,-41.0358089287845,19,116
305,2623,10.15,2.58333333333333,-35.9719740170616,-37.7986789514456,19,116
306,2623,10.1833333333333,2.58333333333333,-33.2769793220863,-34.9578680952106,19,116
307,2623,10.2166666666667,2.58333333333333,-31.0828540911504,-32.6059440949766,19,116
308,2623,10.25,2.58333333333333,-29.106305192338,-30.5591635110495,19,116
309,2623,10.2833333333333,2.58333333333333,-27.2537860876825,-28.6024453664801,19,116
310,2623,10.3166666666667,2.58333333333333,-25.6671929720754,-26.9086273511144,19,116
311,2623,10.35,2.58333333333333,-24.7533789635453,-25.8824377623172,19,116
312,2623,10.3833333333333,2.58333333333333,-24.4111847281982,-25.4188798380955,19,116
313,2623,10.4166666666667,2.58333333333333,-24.2540054214453,-25.1325493069647,19,116
314,2623,10.45,2.58333333333333,-24.1001595633281,-24.8418495633312,19,116
315,2623,10.4833333333333,2.58333333333333,-24.0315280575489,-24.6270280575519,19,116
316,2623,10.5166666666667,2.58333333333333,-23.8752552650233,-24.3157852650268,19,116
317,2623,10.55,2.58333333333333,-23.1441040472012,-23.4212140472055,19,116
318,2623,10.5833333333333,2.58333333333333,-22.1236900516837,-22.2293000516837,19,116
319,2623,10.6166666666667,2.58333333333333,-21.691613076122,-21.6180630761255,19,116
320,2623,10.65,2.58333333333333,-22.0624116315999,-21.8025616315999,19,116
321,2623,10.6833333333333,2.58333333333333,-22.8926764989292,-22.4398964989292,19,116
322,2623,10.7166666666667,2.58333333333333,-23.3671405728176,-22.7154305728176,19,116
323,2623,10.75,2.58333333333333,99999,-21.6097505001268,19,116
324,2623,10.7833333333333,2.58333333333333,99999,-19.3241937539235,19,116
325,2623,10.8166666666667,2.58333333333333,99999,-16.9134720712215,19,116
326,2623,10.85,2.58333333333333,99999,-14.8733627431102,19,116
327,2623,10.8833333333333,2.58333333333333,99999,-12.990371980597,19,116
328,2623,10.9166666666667,2.58333333333333,99999,-10.954147742721,19,116
329,2623,10.95,2.58333333333333,99999,-8.42434856638299,19,116
330,2623,10.9833333333333,2.58333333333333,99999,-4.885452791026,19,116
331,2623,11.0166666666667,2.58333333333333,99999,-0.280645889639004,19,116
332,2623,11.05,2.58333333333333,99999,4.901256058717,19,116
333,2623,11.0833333333333,2.58333333333333,99999,9.94982770840599,19,116
334,2623,11.1166666666667,2.58333333333333,99999,14.455262809043,19,116
335,2623,11.15,2.58333333333333,99999,18.664318393019,19,116
300,2622,9.98333333333333,2.61666666666666,-49.4053098349726,-50.9912225999751,19,116
301,2622,10.0166666666667,2.61666666666666,-46.5931225421291,-48.3782014223026,19,116
302,2622,10.05,2.61666666666666,-43.2716763256132,-45.3316367148135,19,116
303,2622,10.0833333333333,2.61666666666666,-39.9987671950869,-42.2008626760376,19,116
304,2622,10.1166666666667,2.61666666666666,-36.9393079776643,-38.996144542593,19,116
305,2622,10.15,2.61666666666666,-33.9027650914619,-35.8041717609171,19,116
306,2622,10.1833333333333,2.61666666666666,-31.2490239077803,-32.9160315254965,19,116
307,2622,10.2166666666667,2.61666666666666,-28.9644457516147,-30.4531811731869,19,116
308,2622,10.25,2.61666666666666,-26.8056282245604,-28.2093996995053,19,116
309,2622,10.2833333333333,2.61666666666666,-24.6361748467511,-25.9383661957656,19,116
310,2622,10.3166666666667,2.61666666666666,-22.6471635160322,-23.8386899188782,19,116
311,2622,10.35,2.61666666666666,-21.3013764923918,-22.3704724241848,19,116
312,2622,10.3833333333333,2.61666666666666,-20.4885989680414,-21.4217085176065,19,116
313,2622,10.4166666666667,2.61666666666666,-19.743511612795,-20.5389048255694,19,116
314,2622,10.45,2.61666666666666,-18.9007889623449,-19.5550503554247,19,116
315,2622,10.4833333333333,2.61666666666666,-18.1780697234851,-18.6782797234889,19,116
316,2622,10.5166666666667,2.61666666666666,-17.486448722961,-17.8235087229652,19,116
317,2622,10.55,2.61666666666666,-16.3022668899756,-16.4677968899807,19,116
318,2622,10.5833333333333,2.61666666666666,-14.8035724885058,-14.7895924885058,19,116
319,2622,10.6166666666667,2.61666666666666,-13.7600122105213,-13.5590022105257,19,116
320,2622,10.65,2.61666666666666,-13.2594106506855,-12.8643606506855,19,116
321,2622,10.6833333333333,2.61666666666666,-12.8974637642491,-12.3019237642491,19,116
322,2622,10.7166666666667,2.61666666666666,-12.1786064509366,-11.3767664509366,19,116
323,2622,10.75,2.61666666666666,99999,-9.7339612332424,19,116
324,2622,10.7833333333333,2.61666666666666,99999,-7.85728141674291,19,116
325,2622,10.8166666666667,2.61666666666666,99999,-6.3543281902713,19,116
326,2622,10.85,2.61666666666666,99999,-5.13915481721939,19,116
327,2622,10.8833333333333,2.61666666666666,99999,-3.75499275979601,19,116
328,2622,10.9166666666667,2.61666666666666,99999,-2.055938629563,19,116
329,2622,10.95,2.61666666666666,99999,-0.0542864501750131,19,116
330,2622,10.9833333333333,2.61666666666666,99999,2.674628560098,19,116
331,2622,11.0166666666667,2.61666666666666,99999,6.36984245453598,19,116
332,2622,11.05,2.61666666666666,99999,10.665940767423,19,116
333,2622,11.0833333333333,2.61666666666666,99999,14.803950712601,19,116
334,2622,11.1166666666667,2.61666666666666,99999,18.353342999137,19,116
335,2622,11.15,2.61666666666666,99999,21.601688695525,19,116
300,2621,9.98333333333333,2.64999999999999,-45.2042798213501,-47.4952676692402,19,116
301,2621,10.0166666666667,2.64999999999999,-42.7840191523935,-45.0975593304914,19,116
302,2621,10.05,2.64999999999999,-40.165865489808,-42.3303207590131,19,116
303,2621,10.0833333333333,2.64999999999999,-37.3831788988457,-39.4308028762916,19,116
304,2621,10.1166666666667,2.64999999999999,-34.3855529773675,-36.3506877804181,19,116
305,2621,10.15,2.64999999999999,-31.3351570147255,-33.1846872049375,19,116
306,2621,10.1833333333333,2.64999999999999,-28.6481090507694,-30.2560904700869,19,116
307,2621,10.2166666666667,2.64999999999999,-26.2772436257792,-27.6997564962822,19,116
308,2621,10.25,2.64999999999999,-23.9226886791681,-25.2741063948147,19,116
309,2621,10.2833333333333,2.64999999999999,-21.444622642537,-22.6989138833994,19,116
310,2621,10.3166666666667,2.64999999999999,-19.0530418767687,-20.1960854397028,19,116
311,2621,10.35,2.64999999999999,-17.2651987558221,-18.2765452474098,19,116
312,2621,10.3833333333333,2.64999999999999,-15.9623235830202,-16.8184326865231,19,116
313,2621,10.4166666666667,2.64999999999999,-14.6547071256719,-15.3603406305186,19,116
314,2621,10.45,2.64999999999999,-13.173196051454,-13.7373504870617,19,116
315,2621,10.4833333333333,2.64999999999999,-11.8351881772678,-12.2419979814651,19,116
316,2621,10.5166666666667,2.64999999999999,-10.6131599565063,-10.8483499565112,19,116
317,2621,10.55,2.64999999999999,-8.8803694439364,-8.93619944394219,19,116
318,2621,10.5833333333333,2.64999999999999,-6.7450260298522,-6.6136160298522,19,116
319,2621,10.6166666666667,2.64999999999999,-4.9358965316837,-4.60982653168921,19,116
320,2621,10.65,2.64999999999999,-3.48078260853339,-2.95320260853339,19,116
321,2621,10.6833333333333,2.64999999999999,-2.0094341056238,-1.2740741056238,19,116
322,2621,10.7166666666667,2.64999999999999,-0.266061598907797,0.682708401092199,19,116
323,2621,10.75,2.64999999999999,99999,2.84435052982521,19,116
324,2621,10.7833333333333,2.64999999999999,99999,4.447657768279,19,116
325,2621,10.8166666666667,2.64999999999999,99999,5.12111715927,19,116
326,2621,10.85,2.64999999999999,99999,5.433065322967,19,116
327,2621,10.8833333333333,2.64999999999999,99999,6.14436762968,19,116
328,2621,10.9166666666667,2.64999999999999,99999,7.319623456816,19,116
329,2621,10.95,2.64999999999999,99999,8.63094058730901,19,116
330,2621,10.9833333333333,2.64999999999999,99999,10.414209312442,19,116
331,2621,11.0166666666667,2.64999999999999,99999,13.084940226621,19,116
332,2621,11.05,2.64999999999999,99999,16.395560530244,19,116
333,2621,11.0833333333333,2.64999999999999,99999,19.544248244797,19,116
334,2621,11.1166666666667,2.64999999999999,99999,22.068719350135,19,116
335,2621,11.15,2.64999999999999,99999,24.302002637841,19,116
300,2620,9.98333333333333,2.68333333333334,-42.3832819587659,-44.61514417786,19,116
301,2620,10.0166666666667,2.68333333333334,-40.0985990414428,-42.199963456198,19,116
302,2620,10.05,2.68333333333334,-37.4554157788144,-39.4764874419712,19,116
303,2620,10.0833333333333,2.68333333333334,-34.6753707801596,-36.6374638944259,19,116
304,2620,10.1166666666667,2.68333333333334,-31.6487534535228,-33.5698763743444,19,116
305,2620,10.15,2.68333333333334,-28.5306584092068,-30.3493175558624,19,116
306,2620,10.1833333333333,2.68333333333334,-25.7739815149231,-27.3294790211073,19,116
307,2620,10.2166666666667,2.68333333333334,-23.2819232355382,-24.6406159627101,19,116
308,2620,10.25,2.68333333333334,-20.7017546393654,-21.9993452365794,19,116
309,2620,10.2833333333333,2.68333333333334,-17.880072570559,-19.0868185045338,19,116
310,2620,10.3166666666667,2.68333333333334,-15.0497891288824,-16.1346870200969,19,116
311,2620,10.35,2.68333333333334,-12.8089201077089,-13.7181882367761,19,116
312,2620,10.3833333333333,2.68333333333334,-10.9729479135206,-11.7096362998236,19,116
313,2620,10.4166666666667,2.68333333333334,-8.9927655739292,-9.6007760229366,19,116
314,2620,10.45,2.68333333333334,-6.81983550432631,-7.302291783994,19,116
315,2620,10.4833333333333,2.68333333333334,-4.858845635711,-5.1806435498804,19,116
316,2620,10.5166666666667,2.68333333333334,-3.05652551044551,-3.19203073893121,19,116
317,2620,10.55,2.68333333333334,-0.682955709697509,-0.631215709704193,19,116
318,2620,10.5833333333333,2.68333333333334,2.1994564861761,2.4458964861761,19,116
319,2620,10.6166666666667,2.68333333333334,4.83875878053381,5.2871687805272,19,116
320,2620,10.65,2.68333333333334,7.2457646310129,7.9028846310129,19,116
321,2620,10.6833333333333,2.68333333333334,9.79586761893499,10.667807618935,19,116
322,2620,10.7166666666667,2.68333333333334,12.598523094881,13.690723094881,19,116
323,2620,10.75,2.68333333333334,99999,16.491290573303,19,116
324,2620,10.7833333333333,2.68333333333334,99999,17.906125409381,19,116
325,2620,10.8166666666667,2.68333333333334,99999,17.742700074139,19,116
326,2620,10.85,2.68333333333334,99999,17.126503607923,19,116
327,2620,10.8833333333333,2.68333333333334,99999,17.126800754158,19,116
328,2620,10.9166666666667,2.68333333333334,99999,17.735329765864,19,116
329,2620,10.95,2.68333333333334,99999,18.388359200985,19,116
330,2620,10.9833333333333,2.68333333333334,99999,19.33266399894,19,116
331,2620,11.0166666666667,2.68333333333334,99999,21.095101916358,19,116
332,2620,11.05,2.68333333333334,99999,23.518830681922,19,116
333,2620,11.0833333333333,2.68333333333334,99999,25.774293954841,19,116
334,2620,11.1166666666667,2.68333333333334,99999,27.365320902661,19,116
335,2620,11.15,2.68333333333334,99999,28.645654920041,19,116
300,2619,9.98333333333333,2.71666666666667,-40.2378137279488,-42.2863993022691,19,116
301,2619,10.0166666666667,2.71666666666667,-37.6454711886246,-39.6197221961218,19,116
302,2619,10.05,2.71666666666667,-34.8152071239556,-36.7519976698182,19,116
303,2619,10.0833333333333,2.71666666666667,-31.9371914978443,-33.851045696445,19,116
304,2619,10.1166666666667,2.71666666666667,-28.8758473622245,-30.73398289294,19,116
305,2619,10.15,2.71666666666667,-25.7865413693348,-27.4327271213063,19,116
306,2619,10.1833333333333,2.71666666666667,-22.8877791199065,-24.2895597262631,19,116
307,2619,10.2166666666667,2.71666666666667,-20.1385004363797,-21.4395731937967,19,116
308,2619,10.25,2.71666666666667,-17.3203708206686,-18.5650321409659,19,116
309,2619,10.2833333333333,2.71666666666667,-14.1283627989971,-15.2893478113311,19,116
310,2619,10.3166666666667,2.71666666666667,-10.8395576288217,-11.8610880884898,19,116
311,2619,10.35,2.71666666666667,-8.1348469100928,-8.915117486754,19,116
312,2619,10.3833333333333,2.71666666666667,-5.7144363802703,-6.3084625029632,19,116
313,2619,10.4166666666667,2.71666666666667,-2.9916050941324,-3.49465663232019,19,116
314,2619,10.45,2.71666666666667,-0.0387714676623006,-0.437175329173904,19,116
315,2619,10.4833333333333,2.71666666666667,2.5815897128644,2.3377403536707,19,116
316,2619,10.5166666666667,2.71666666666667,4.9785800016932,4.93623405013339,19,116
317,2619,10.55,2.71666666666667,8.057239782061,8.21381027559239,19,116
318,2619,10.5833333333333,2.71666666666667,11.7018383005381,12.0605983005381,19,116
319,2619,10.6166666666667,2.71666666666667,15.083546340954,15.651316340947,19,116
320,2619,10.65,2.71666666666667,18.250494507177,19.033874507177,19,116
321,2619,10.6833333333333,2.71666666666667,21.67064087966,22.67559087966,19,116
322,2619,10.7166666666667,2.71666666666667,25.38321930377,26.61499930377,19,116
323,2619,10.75,2.71666666666667,99999,30.008957807264,19,116
324,2619,10.7833333333333,2.71666666666667,99999,31.295171496973,19,116
325,2619,10.8166666666667,2.71666666666667,99999,30.406919845287,19,116
326,2619,10.85,2.71666666666667,99999,28.999797680309,19,116
327,2619,10.8833333333333,2.71666666666667,99999,28.448584069678,19,116
328,2619,10.9166666666667,2.71666666666667,99999,28.646600577879,19,116
329,2619,10.95,2.71666666666667,99999,28.797918834419,19,116
330,2619,10.9833333333333,2.71666666666667,99999,29.045601161599,19,116
331,2619,11.0166666666667,2.71666666666667,99999,30.000559148255,19,116
332,2619,11.05,2.71666666666667,99999,31.651553424775,19,116
333,2619,11.0833333333333,2.71666666666667,99999,33.178495269978,19,116
334,2619,11.1166666666667,2.71666666666667,99999,33.999285354944,19,116
335,2619,11.15,2.71666666666667,99999,34.435726127858,19,116
300,2618,9.98333333333333,2.75,-37.589898705301,-39.5019286494344,19,116
301,2618,10.0166666666667,2.75,-34.6444497482445,-36.5312242633018,19,116
302,2618,10.05,2.75,-31.631253966461,-33.5076623328108,19,116
303,2618,10.0833333333333,2.75,-28.6899910132536,-30.5755647030079,19,116
304,2618,10.1166666666667,2.75,-25.6603936615812,-27.4701899203984,19,116
305,2618,10.15,2.75,-22.6919077742061,-24.1672435400582,19,116
306,2618,10.1833333333333,2.75,-19.7252056411202,-20.9734843776485,19,116
307,2618,10.2166666666667,2.75,-16.7786425337703,-18.0280186766807,19,116
308,2618,10.25,2.75,-13.7914641002345,-14.9889048960918,19,116
309,2618,10.2833333333333,2.75,-10.3060163230406,-11.4254311595015,19,116
310,2618,10.3166666666667,2.75,-6.6283695435609,-7.595461758727,19,116
311,2618,10.35,2.75,-3.4818097228428,-4.16641515167539,19,116
312,2618,10.3833333333333,2.75,-0.478661303817596,-0.9683088923734,19,116
313,2618,10.4166666666667,2.75,3.01068410639949,2.5400955679958,19,116
314,2618,10.45,2.75,6.7147453670766,6.3345819325252,19,116
315,2618,10.4833333333333,2.75,9.9776252299238,9.8020850625629,19,116
316,2618,10.5166666666667,2.75,12.9410677992973,12.9832778461699,19,116
317,2618,10.55,2.75,16.6270164224803,16.8811950478248,19,116
318,2618,10.5833333333333,2.75,20.875592021542,21.343208020568,19,116
319,2618,10.6166666666667,2.75,24.662582601113,25.346442601105,19,116
320,2618,10.65,2.75,28.108302137639,29.014372137639,19,116
321,2618,10.6833333333333,2.75,31.768765483808,32.902865483808,19,116
322,2618,10.7166666666667,2.75,35.691083994466,37.058313994466,19,116
323,2618,10.75,2.75,99999,40.554225596672,19,116
324,2618,10.7833333333333,2.75,99999,41.692257686063,19,116
325,2618,10.8166666666667,2.75,99999,40.427637178924,19,116
326,2618,10.85,2.75,99999,38.612696240407,19,116
327,2618,10.8833333333333,2.75,99999,37.763806315599,19,116
328,2618,10.9166666666667,2.75,99999,37.70601542032,19,116
329,2618,10.95,2.75,99999,37.469727233996,19,116
330,2618,10.9833333333333,2.75,99999,37.094899120213,19,116
331,2618,11.0166666666667,2.75,99999,37.251990129537,19,116
332,2618,11.05,2.75,99999,38.148240701412,19,116
333,2618,11.0833333333333,2.75,99999,39.038794225143,19,116
334,2618,11.1166666666667,2.75,99999,39.215355232165,19,116
335,2618,11.15,2.75,99999,38.875315415472,19,116
300,2617,9.98333333333333,2.78333333333333,-33.8779202210304,-35.6934003042042,19,116
301,2617,10.0166666666667,2.78333333333333,-30.8096232189899,-32.6284245925577,19,116
302,2617,10.05,2.78333333333333,-27.7942881391655,-29.6242450333704,19,116
303,2617,10.0833333333333,2.78333333333333,-24.9347769834934,-26.8045962100258,19,116
304,2617,10.1166666666667,2.78333333333333,-22.0174813085286,-23.8297558383787,19,116
305,2617,10.15,2.78333333333333,-19.1821139229945,-20.6283088099579,19,116
306,2617,10.1833333333333,2.78333333333333,-16.3023094743212,-17.4948627033727,19,116
307,2617,10.2166666666667,2.78333333333333,-13.3506504087873,-14.5557758000311,19,116
308,2617,10.25,2.78333333333333,-10.2814941537397,-11.4448556421025,19,116
309,2617,10.2833333333333,2.78333333333333,-6.6566128496016,-7.7032830982275,19,116
310,2617,10.3166666666667,2.78333333333333,-2.7756789919256,-3.5636153416301,19,116
311,2617,10.35,2.78333333333333,0.792769135542997,0.306610249561402,19,116
312,2617,10.3833333333333,2.78333333333333,4.4438765934722,4.0890945266108,19,116
313,2617,10.4166666666667,2.78333333333333,8.79236576385701,8.3396477818533,19,116
314,2617,10.45,2.78333333333333,13.3491679909993,12.948523012079,19,116
315,2617,10.4833333333333,2.78333333333333,17.330624003227,17.2053668948224,19,116
316,2617,10.5166666666667,2.78333333333333,20.9953141591642,21.1087346776679,19,116
317,2617,10.55,2.78333333333333,25.187287452855,25.527776145912,19,116
318,2617,10.5833333333333,2.78333333333333,29.727968418677,30.296402015226,19,116
319,2617,10.6166666666667,2.78333333333333,33.528669072851,34.32509005358,19,116
320,2617,10.65,2.78333333333333,36.67017575955,37.69509575955,19,116
321,2617,10.6833333333333,2.78333333333333,39.826505338762,41.085605338762,19,116
322,2617,10.7166666666667,2.78333333333333,43.127224611496,44.625464611496,19,116
323,2617,10.75,2.78333333333333,99999,47.633251062151,19,116
324,2617,10.7833333333333,2.78333333333333,99999,48.592780999388,19,116
325,2617,10.8166666666667,2.78333333333333,99999,47.365211188847,19,116
326,2617,10.85,2.78333333333333,99999,45.591767996166,19,116
327,2617,10.8833333333333,2.78333333333333,99999,44.710909528246,19,116
328,2617,10.9166666666667,2.78333333333333,99999,44.528860535851,19,116
329,2617,10.95,2.78333333333333,99999,43.98780338529,19,116
330,2617,10.9833333333333,2.78333333333333,99999,43.073686641037,19,116
331,2617,11.0166666666667,2.78333333333333,99999,42.510704427722,19,116
332,2617,11.05,2.78333333333333,99999,42.686725126296,19,116
333,2617,11.0833333333333,2.78333333333333,99999,43.00088096665,19,116
334,2617,11.1166666666667,2.78333333333333,99999,42.682645628733,19,116
335,2617,11.15,2.78333333333333,99999,41.666295514228,19,116
300,2616,9.98333333333333,2.81666666666666,-29.3301111211867,-31.064416031296,19,116
301,2616,10.0166666666667,2.81666666666666,-26.4497159947883,-28.2085050278976,19,116
302,2616,10.05,2.81666666666666,-23.6715598041995,-25.4700002304377,19,116
303,2616,10.0833333333333,2.81666666666666,-21.0613435429871,-22.928623636051,19,116
304,2616,10.1166666666667,2.81666666666666,-18.3954315554127,-20.2068249042545,19,116
305,2616,10.15,2.81666666666666,-15.7787808096947,-17.1913082755722,19,116
306,2616,10.1833333333333,2.81666666666666,-13.0380436173647,-14.1842722494815,19,116
307,2616,10.2166666666667,2.81666666666666,-10.152546498923,-11.3276734300418,19,116
308,2616,10.25,2.81666666666666,-7.1410803932042,-8.2306362422058,19,116
309,2616,10.2833333333333,2.81666666666666,-3.5696901015415,-4.3777005217501,19,116
310,2616,10.3166666666667,2.81666666666666,0.500734721852503,0.0384804105685035,19,116
311,2616,10.35,2.81666666666666,4.585125083078,4.3562094224555,19,116
312,2616,10.3833333333333,2.81666666666666,8.94288372213691,8.76931323589471,19,116
313,2616,10.4166666666667,2.81666666666666,14.2276931920651,13.8497673850709,19,116
314,2616,10.45,2.81666666666666,19.8495902851854,19.4634222790808,19,116
315,2616,10.4833333333333,2.81666666666666,24.8395245258686,24.745969056388,19,116
316,2616,10.5166666666667,2.81666666666666,29.362906269468,29.526370036235,19,116
317,2616,10.55,2.81666666666666,34.134933651688,34.559226276223,19,116
318,2616,10.5833333333333,2.81666666666666,38.765292192843,39.438741889603,19,116
319,2616,10.6166666666667,2.81666666666666,42.247842132644,43.153069405821,19,116
320,2616,10.65,2.81666666666666,44.775402703733,45.914948780788,19,116
321,2616,10.6833333333333,2.81666666666666,47.016601029381,48.396271029381,19,116
322,2616,10.7166666666667,2.81666666666666,49.320940685522,50.945450685522,19,116
323,2616,10.75,2.81666666666666,99999,53.210317430405,19,116
324,2616,10.7833333333333,2.81666666666666,99999,53.942015396905,19,116
325,2616,10.8166666666667,2.81666666666666,99999,52.864666212104,19,116
326,2616,10.85,2.81666666666666,99999,51.288781127541,19,116
327,2616,10.8833333333333,2.81666666666666,99999,50.51736257387,19,116
328,2616,10.9166666666667,2.81666666666666,99999,50.311701743125,19,116
329,2616,10.95,2.81666666666666,99999,49.525143790401,19,116
330,2616,10.9833333333333,2.81666666666666,99999,48.172118361474,19,116
331,2616,11.0166666666667,2.81666666666666,99999,47.054084834233,19,116
332,2616,11.05,2.81666666666666,99999,46.595686988848,19,116
333,2616,11.0833333333333,2.81666666666666,99999,46.298662568155,19,116
334,2616,11.1166666666667,2.81666666666666,99999,45.443201382124,19,116
335,2616,11.15,2.81666666666666,99999,43.741059486791,19,116
300,2615,9.98333333333333,2.84999999999999,-24.4968232650972,-26.1603195325328,19,116
301,2615,10.0166666666667,2.84999999999999,-21.9439169077451,-23.6581208598829,19,116
302,2615,10.05,2.84999999999999,-19.5451243166109,-21.3318036167613,19,116
303,2615,10.0833333333333,2.84999999999999,-17.3990396424937,-19.2023552050547,19,116
304,2615,10.1166666666667,2.84999999999999,-15.3047385415644,-16.8465575794409,19,116
305,2615,10.15,2.84999999999999,-12.8865776721968,-14.0844190109488,19,116
306,2615,10.1833333333333,2.84999999999999,-10.1210049310379,-11.2473001386879,19,116
307,2615,10.2166666666667,2.84999999999999,-7.4347983058891,-8.5424098593408,19,116
308,2615,10.25,2.84999999999999,-4.7182775239955,-5.5378872754293,19,116
309,2615,10.2833333333333,2.84999999999999,-1.1823561015742,-1.6182656571841,19,116
310,2615,10.3166666666667,2.84999999999999,3.25236313644211,3.0591378177994,19,116
311,2615,10.35,2.84999999999999,7.9235744601296,7.8215462145662,19,116
312,2615,10.3833333333333,2.84999999999999,13.2098055746471,12.8784590110577,19,116
313,2615,10.4166666666667,2.84999999999999,19.3574421672771,18.8060275835148,19,116
314,2615,10.45,2.84999999999999,25.8729251229303,25.4961465120134,19,116
315,2615,10.4833333333333,2.84999999999999,32.07021025761,31.987530412316,19,116
316,2615,10.5166666666667,2.84999999999999,37.595735720495,37.788111552886,19,116
317,2615,10.55,2.84999999999999,42.96449263173,43.467909890801,19,116
318,2615,10.5833333333333,2.84999999999999,47.784457393744,48.564476930232,19,116
319,2615,10.6166666666667,2.84999999999999,50.858901028612,51.866737897672,19,116
320,2615,10.65,2.84999999999999,52.634172551684,53.88281792976,19,116
321,2615,10.6833333333333,2.84999999999999,54.020281452741,55.515676494926,19,116
322,2615,10.7166666666667,2.84999999999999,55.376350966924,57.122120966924,19,116
323,2615,10.75,2.84999999999999,56.686451273184,58.686301273184,19,116
324,2615,10.7833333333333,2.84999999999999,99999,59.090389548525,19,116
325,2615,10.8166666666667,2.84999999999999,99999,57.964940194548,19,116
326,2615,10.85,2.84999999999999,99999,56.455061821386,19,116
327,2615,10.8833333333333,2.84999999999999,99999,55.792223478287,19,116
328,2615,10.9166666666667,2.84999999999999,99999,55.63794694054,19,116
329,2615,10.95,2.84999999999999,99999,54.701665133713,19,116
330,2615,10.9833333333333,2.84999999999999,99999,53.006446078111,19,116
331,2615,11.0166666666667,2.84999999999999,99999,51.391154416278,19,116
332,2615,11.05,2.84999999999999,99999,50.20291647088,19,116
333,2615,11.0833333333333,2.84999999999999,99999,48.923439008441,19,116
334,2615,11.1166666666667,2.84999999999999,99999,46.95801321353,19,116
335,2615,11.15,2.84999999999999,99999,44.163787283304,19,116
300,2614,9.98333333333333,2.88333333333333,-19.6135184994196,-21.2252799756342,19,116
301,2614,10.0166666666667,2.88333333333333,-17.3886084265921,-19.0750509877679,19,116
302,2614,10.05,2.88333333333333,-15.4218096432641,-17.2149128601345,19,116
303,2614,10.0833333333333,2.88333333333333,-13.8300810683935,-15.5875265968553,19,116
304,2614,10.1166666666667,2.88333333333333,-12.3997367623962,-13.6830469921295,19,116
305,2614,10.15,2.88333333333333,-10.2594924115497,-11.2549492210779,19,116
306,2614,10.1833333333333,2.88333333333333,-7.5587468204241,-8.6818026040014,19,116
307,2614,10.2166666666667,2.88333333333333,-5.1891960488715,-6.2259605639528,19,116
308,2614,10.25,2.88333333333333,-2.8312861285755,-3.3972731606852,19,116
309,2614,10.2833333333333,2.88333333333333,0.6677748323185,0.5021738431278,19,116
310,2614,10.3166666666667,2.88333333333333,5.314496658737,5.3404940865962,19,116
311,2614,10.35,2.88333333333333,10.4000997034104,10.4345648360708,19,116
312,2614,10.3833333333333,2.88333333333333,16.5230317119067,15.9962705794791,19,116
313,2614,10.4166666666667,2.88333333333333,23.3705050800139,22.6264711486588,19,116
314,2614,10.45,2.88333333333333,30.641326420734,30.268942368209,19,116
315,2614,10.4833333333333,2.88333333333333,37.992033078089,37.898626806056,19,116
316,2614,10.5166666666667,2.88333333333333,44.55812944986,44.756855004212,19,116
317,2614,10.55,2.88333333333333,50.492574295581,51.055914583005,19,116
318,2614,10.5833333333333,2.88333333333333,55.396623968873,56.268740600179,19,116
319,2614,10.6166666666667,2.88333333333333,58.24500276364,59.347767507811,19,116
320,2614,10.65,2.88333333333333,59.373799289393,60.724142123615,19,116
321,2614,10.6833333333333,2.88333333333333,60.045418742724,61.649749740599,19,116
322,2614,10.7166666666667,2.88333333333333,60.810516286438,62.672073181829,19,116
323,2614,10.75,2.88333333333333,61.53171142172,63.65247142172,19,116
324,2614,10.7833333333333,2.88333333333333,99999,63.592187324204,19,116
325,2614,10.8166666666667,2.88333333333333,99999,62.115037476809,19,116
326,2614,10.85,2.88333333333333,99999,60.416689014939,19,116
327,2614,10.8833333333333,2.88333333333333,99999,59.75399240416,19,116
328,2614,10.9166666666667,2.88333333333333,99999,59.712111427773,19,116
329,2614,10.95,2.88333333333333,99999,58.798498493716,19,116
330,2614,10.9833333333333,2.88333333333333,99999,56.882939719093,19,116
331,2614,11.0166666666667,2.88333333333333,99999,54.689926454724,19,116
332,2614,11.05,2.88333333333333,99999,52.443855387107,19,116
333,2614,11.0833333333333,2.88333333333333,99999,49.604535936549,19,116
334,2614,11.1166666666667,2.88333333333333,99999,45.771108045043,19,116
335,2614,11.15,2.88333333333333,99999,41.290531942358,19,116
300,2613,9.98333333333333,2.91666666666667,-14.6243853583649,-16.2078756380228,19,116
301,2613,10.0166666666667,2.91666666666667,-12.7573028516115,-14.4375874405347,19,116
302,2613,10.05,2.91666666666667,-11.2860028794845,-13.0952957251331,19,116
303,2613,10.0833333333333,2.91666666666667,-10.2442783960301,-12.0128707169766,19,116
304,2613,10.1166666666667,2.91666666666667,-9.3264853470025,-10.5987496234074,19,116
305,2613,10.15,2.91666666666667,-7.5990127635829,-8.591858650198,19,116
306,2613,10.1833333333333,2.91666666666667,-5.3869702533221,-6.4225270454643,19,116
307,2613,10.2166666666667,2.91666666666667,-3.6152214153761,-4.3446189885421,19,116
308,2613,10.25,2.91666666666667,-1.5115537013116,-1.7950900986061,19,116
309,2613,10.2833333333333,2.91666666666667,1.9210097212624,1.9514379960965,19,116
310,2613,10.3166666666667,2.91666666666667,6.6373120572889,6.7680558006045,19,116
311,2613,10.35,2.91666666666667,12.2643649080827,11.9588668032171,19,116
312,2613,10.3833333333333,2.91666666666667,18.5150266275961,17.6993528838982,19,116
313,2613,10.4166666666667,2.91666666666667,25.383258561416,24.6718411619167,19,116
314,2613,10.45,2.91666666666667,33.334843519474,32.951267983004,19,116
315,2613,10.4833333333333,2.91666666666667,41.611521429296,41.520666494112,19,116
316,2613,10.5166666666667,2.91666666666667,49.02908807488,49.337971821582,19,116
317,2613,10.55,2.91666666666667,55.409174641801,56.105284904664,19,116
318,2613,10.5833333333333,2.91666666666667,60.132840975299,61.086250032746,19,116
319,2613,10.6166666666667,2.91666666666667,62.543607725731,63.731527087036,19,116
320,2613,10.65,2.91666666666667,63.447869173128,64.888360437247,19,116
321,2613,10.6833333333333,2.91666666666667,63.81165689089,65.513002344536,19,116
322,2613,10.7166666666667,2.91666666666667,64.386106769593,66.353672438152,19,116
323,2613,10.75,2.91666666666667,64.952426095492,67.187145097202,19,116
324,2613,10.7833333333333,2.91666666666667,99999,66.564895069568,19,116
325,2613,10.8166666666667,2.91666666666667,99999,64.377873471297,19,116
326,2613,10.85,2.91666666666667,99999,62.148161158543,19,116
327,2613,10.8833333333333,2.91666666666667,99999,61.314503100836,19,116
328,2613,10.9166666666667,2.91666666666667,99999,61.42229988951,19,116
329,2613,10.95,2.91666666666667,99999,60.762159692306,19,116
330,2613,10.9833333333333,2.91666666666667,99999,58.863743059496,19,116
331,2613,11.0166666666667,2.91666666666667,99999,56.046961129383,19,116
332,2613,11.05,2.91666666666667,99999,52.378815532099,19,116
333,2613,11.0833333333333,2.91666666666667,99999,47.529687400331,19,116
334,2613,11.1166666666667,2.91666666666667,99999,41.448046173879,19,116
335,2613,11.15,2.91666666666667,99999,34.985620143646,19,116
300,2612,9.98333333333333,2.95,-9.86194589135656,-11.4463116452707,19,116
301,2612,10.0166666666667,2.95,-8.40904273896335,-10.1086277699704,19,116
302,2612,10.05,2.95,-7.57469786760437,-9.31048767595627,19,116
303,2612,10.0833333333333,2.95,-7.3377338162524,-8.758731962263,19,116
304,2612,10.1166666666667,2.95,-6.7052942081418,-7.8044494483052,19,116
305,2612,10.15,2.95,-5.0447209809515,-6.2408791327568,19,116
306,2612,10.1833333333333,2.95,-3.7373232938018,-4.574911385467,19,116
307,2612,10.2166666666667,2.95,-2.7853921278894,-2.9749151010884,19,116
308,2612,10.25,2.95,-0.823678002142294,-0.788305398088603,19,116
309,2612,10.2833333333333,2.95,2.4131341279482,2.6873367816838,19,116
310,2612,10.3166666666667,2.95,7.068079317757,7.308139140813,19,116
311,2612,10.35,2.95,12.9949403794899,12.3271722682692,19,116
312,2612,10.3833333333333,2.95,18.9782853333165,17.8709238623274,19,116
313,2612,10.4166666666667,2.95,25.4255001824396,24.7449694370847,19,116
314,2612,10.45,2.95,33.633414124061,33.228085338277,19,116
315,2612,10.4833333333333,2.95,42.477568493459,42.381934608927,19,116
316,2612,10.5166666666667,2.95,50.401809065307,50.835026855203,19,116
317,2612,10.55,2.95,56.887493070491,57.726373883377,19,116
318,2612,10.5833333333333,2.95,61.212069898394,62.239112721825,19,116
319,2612,10.6166666666667,2.95,63.013183779009,64.269893374892,19,116
320,2612,10.65,2.95,63.825728234243,65.312396522279,19,116
321,2612,10.6833333333333,2.95,64.632221895134,66.385286413365,19,116
322,2612,10.7166666666667,2.95,65.568713834383,67.614260021839,19,116
323,2612,10.75,2.95,66.412117594012,68.744512777859,19,116
324,2612,10.7833333333333,2.95,99999,67.871015203612,19,116
325,2612,10.8166666666667,2.95,99999,64.680556595669,19,116
326,2612,10.85,2.95,99999,61.584630081687,19,116
327,2612,10.8833333333333,2.95,99999,60.438829587019,19,116
328,2612,10.9166666666667,2.95,99999,60.78243259974,19,116
329,2612,10.95,2.95,99999,60.703188030159,19,116
330,2612,10.9833333333333,2.95,99999,59.240428269718,19,116
331,2612,11.0166666666667,2.95,99999,55.97643896418,19,116
332,2612,11.05,2.95,99999,50.744786048401,19,116
333,2612,11.0833333333333,2.95,99999,43.741573156322,19,116
334,2612,11.1166666666667,2.95,99999,35.514469119699,19,116
335,2612,11.15,2.95,99999,27.241851113009,19,116
300,2611,9.98333333333333,2.98333333333333,-5.98397736292074,-7.60467950005286,19,116
301,2611,10.0166666666667,2.98333333333333,-4.90218168328685,-6.64468540995388,19,116
302,2611,10.05,2.98333333333333,-4.53658220960341,-6.28876131519215,19,116
303,2611,10.0833333333333,2.98333333333333,-4.6966463746309,-6.148763775662,19,116
304,2611,10.1166666666667,2.98333333333333,-4.1493829401441,-5.5715563549037,19,116
305,2611,10.15,2.98333333333333,-2.8602845357513,-4.437949396964,19,116
306,2611,10.1833333333333,2.98333333333333,-2.6175956474938,-3.2941214091702,19,116
307,2611,10.2166666666667,2.98333333333333,-2.32353078197929,-2.1858340146939,19,116
308,2611,10.25,2.98333333333333,-0.632452731719098,-0.393175439758501,19,116
309,2611,10.2833333333333,2.98333333333333,2.44961786007629,2.7927931959444,19,116
310,2611,10.3166666666667,2.98333333333333,7.5181017791488,7.2718031339383,19,116
311,2611,10.35,2.98333333333333,13.1898548724146,12.1849464931859,19,116
312,2611,10.3833333333333,2.98333333333333,18.5911638627423,17.6097377644054,19,116
313,2611,10.4166666666667,2.98333333333333,25.1523634739,24.5356502375125,19,116
314,2611,10.45,2.98333333333333,33.702209782015,33.330844366185,19,116
315,2611,10.4833333333333,2.98333333333333,43.10091359193,43.032036793229,19,116
316,2611,10.5166666666667,2.98333333333333,51.465834627656,51.944394819034,19,116
317,2611,10.55,2.98333333333333,57.996226876262,58.902345062378,19,116
318,2611,10.5833333333333,2.98333333333333,62.001678040701,63.108469228539,19,116
319,2611,10.6166666666667,2.98333333333333,63.233280351101,64.575936062845,19,116
320,2611,10.65,2.98333333333333,63.54192993431,65.108688727563,19,116
321,2611,10.6833333333333,2.98333333333333,64.005303400323,65.837016541995,19,116
322,2611,10.7166666666667,2.98333333333333,64.849770703427,66.988250741504,19,116
323,2611,10.75,2.98333333333333,65.590254334393,68.026130742782,19,116
324,2611,10.7833333333333,2.98333333333333,99999,66.552799804653,19,116
325,2611,10.8166666666667,2.98333333333333,99999,62.455908382629,19,116
326,2611,10.85,2.98333333333333,99999,58.575289805264,19,116
327,2611,10.8833333333333,2.98333333333333,99999,57.121445271534,19,116
328,2611,10.9166666666667,2.98333333333333,99999,57.688393045443,19,116
329,2611,10.95,2.98333333333333,99999,58.213696286559,19,116
330,2611,10.9833333333333,2.98333333333333,99999,57.336969366125,19,116
331,2611,11.0166666666667,2.98333333333333,99999,53.924666756522,19,116
332,2611,11.05,2.98333333333333,99999,47.581590048823,19,116
333,2611,11.0833333333333,2.98333333333333,99999,39.102417143857,19,116
334,2611,11.1166666666667,2.98333333333333,99999,29.545732481999,19,116
335,2611,11.15,2.98333333333333,99999,20.147607608507,19,116
